SNP	gene	beta	se	pval	effect_allele	other_allele	f_stat	chr	pos
rs1834481	IL18	0.293851288179526	0.0417611276762934	6.694331991662489e-12			49.51203343820977	11	112023827
rs5744256	IL18	-0.287178467743148	0.0422837583725396	3.22610260864904e-11			46.127145844729576	11	112022848
rs5744258	IL18	-0.286734405158923	0.0423918569886993	3.8461251966211095e-11			45.750382675710966	11	112021767
rs4988359	IL18	-0.282939499177623	0.0424438615525908	7.10258784168806e-11			44.43829446605221	11	112025915
rs5744276	IL18	-0.278316277299174	0.0428333710585901	2.01265512462676e-10			42.21946275546325	11	112016871
rs5744249	IL18	-0.277286085702396	0.0426839360513197	2.02980412395568e-10			42.20143638584573	11	112025306
rs11606049	IL18	-0.275844791661664	0.0424778605649455	2.05999615936843e-10			42.17006850874396	11	112033129
rs71478720	IL18	-0.277807888503629	0.0433239344248054	3.38208602195944e-10			41.118131164157305	11	112009605
rs5744292	IL18	-0.276995875080632	0.0432859031934808	3.661463805603489e-10			40.94997451853455	11	112014136
rs3882892	IL18	-0.276995875080632	0.0432859031934808	3.661463805603489e-10			40.94997451853455	11	112014986
rs5744222	IL18	-0.263591345964618	0.042762232449244	1.48400903872027e-09			37.99632165872936	11	112037014
rs7131094	IL18	-0.263591345964618	0.042762232449244	1.48400903872027e-09			37.99632165872936	11	112044917
rs7121554	IL18	-0.263591345964618	0.042762232449244	1.48400903872027e-09			37.99632165872936	11	112048051
rs80011693	IL18	-0.267927995651609	0.0436140971077219	1.67780241964628e-09			37.73830741747831	11	112005483
rs12797880	IL18	-0.262786414109792	0.0428278933318917	1.75072587938275e-09			37.64890875195875	11	112049191
rs12795478	IL18	-0.245994311335869	0.0406172048940752	2.77800262437843e-09			36.68006196076657	11	112068100
rs36077191	IL18	-0.256030949357258	0.0424212497001019	3.1353226383061803e-09			36.42654796375806	11	112039421
rs12420476	IL18	-0.258381493392149	0.0428130018486335	3.14117467859738e-09			36.4226423106752	11	112044398
rs71478723	IL18	-0.244691592848689	0.0408222610142171	3.976817262546471e-09			35.928905345388884	11	112075085
rs12796114	IL18	-0.254540125844171	0.0425451104056454	4.2412960665918e-09			35.794244390398084	11	112049140
rs34389688	IL18	-0.243822571514611	0.0408130147556033	4.45743773468108e-09			35.69032167208118	11	112056400
rs12420140	IL18	-0.244482566393811	0.0410402454359451	4.9116075781881805e-09			35.4875398260641	11	112071294
rs34006273	IL18	-0.247161899682454	0.0414990233199565	4.94796070020525e-09			35.47213247175783	11	112083096
rs71478724	IL18	-0.24094925211151	0.0409077980006	7.187763266030941e-09			34.69276862489491	11	112082775
rs75649625	IL18	-0.241067438318584	0.0410090819468055	7.67703334975837e-09			34.55548650677158	11	112052194
rs10891343	IL18	-0.136509336774827	0.0361478139021855	0.000178676355661			14.261349980118377	11	112080384
rs4534611	IL18	0.152398848112357	0.0404654265097629	0.0001859672565687			14.18388248360598	11	111440425
rs630002	IL18	0.138092571635439	0.0375576495104396	0.0002623270628306			13.518976875476904	11	111377758
